<?xml version="1.0" encoding="UTF-8"?>
<GenRun Id="synth_1" LaunchPart="xc7z010clg400-3" LaunchTime="1556325060">
  <File Type="PA-TCL" Name="main.tcl"/>
  <File Type="RDS-PROPCONSTRS" Name="main_drc_synth.rpt"/>
  <File Type="REPORTS-TCL" Name="main_reports.tcl"/>
  <File Type="RDS-RDS" Name="main.vds"/>
  <File Type="RDS-UTIL" Name="main_utilization_synth.rpt"/>
  <File Type="RDS-UTIL-PB" Name="main_utilization_synth.pb"/>
  <File Type="RDS-DCP" Name="main.dcp"/>
  <File Type="VDS-TIMINGSUMMARY" Name="main_timing_summary_synth.rpt"/>
  <File Type="VDS-TIMING-PB" Name="main_timing_summary_synth.pb"/>
  <FileSet Name="sources" Type="DesignSrcs" RelSrcDir="$PSRCDIR/sources_1">
    <Filter Type="Srcs"/>
    <File Path="$PSRCDIR/sources_1/imports/sources_1/imports/new/ADD.v">
      <FileInfo>
        <Attr Name="ImportPath" Val="$PPRDIR/../Lab4/Lab4.srcs/sources_1/imports/new/ADD.v"/>
        <Attr Name="ImportTime" Val="1555799217"/>
        <Attr Name="UsedIn" Val="synthesis"/>
        <Attr Name="UsedIn" Val="implementation"/>
        <Attr Name="UsedIn" Val="simulation"/>
      </FileInfo>
    </File>
    <File Path="$PSRCDIR/sources_1/imports/sources_1/new/ALU.v">
      <FileInfo>
        <Attr Name="ImportPath" Val="$PPRDIR/../Lab4/Lab4.srcs/sources_1/new/ALU.v"/>
        <Attr Name="ImportTime" Val="1555802175"/>
        <Attr Name="UsedIn" Val="synthesis"/>
        <Attr Name="UsedIn" Val="implementation"/>
        <Attr Name="UsedIn" Val="simulation"/>
      </FileInfo>
    </File>
    <File Path="$PSRCDIR/sources_1/imports/sources_1/imports/new/CU.v">
      <FileInfo>
        <Attr Name="ImportPath" Val="$PPRDIR/../Lab4/Lab4.srcs/sources_1/imports/new/CU.v"/>
        <Attr Name="ImportTime" Val="1555799430"/>
        <Attr Name="UsedIn" Val="synthesis"/>
        <Attr Name="UsedIn" Val="implementation"/>
        <Attr Name="UsedIn" Val="simulation"/>
      </FileInfo>
    </File>
    <File Path="$PSRCDIR/sources_1/imports/sources_1/new/EXEMEM.v">
      <FileInfo>
        <Attr Name="ImportPath" Val="$PPRDIR/../Lab4/Lab4.srcs/sources_1/new/EXEMEM.v"/>
        <Attr Name="ImportTime" Val="1555799419"/>
        <Attr Name="UsedIn" Val="synthesis"/>
        <Attr Name="UsedIn" Val="implementation"/>
        <Attr Name="UsedIn" Val="simulation"/>
      </FileInfo>
    </File>
    <File Path="$PSRCDIR/sources_1/imports/sources_1/imports/new/IDEXE.v">
      <FileInfo>
        <Attr Name="ImportPath" Val="$PPRDIR/../Lab4/Lab4.srcs/sources_1/imports/new/IDEXE.v"/>
        <Attr Name="ImportTime" Val="1555801975"/>
        <Attr Name="UsedIn" Val="synthesis"/>
        <Attr Name="UsedIn" Val="implementation"/>
        <Attr Name="UsedIn" Val="simulation"/>
      </FileInfo>
    </File>
    <File Path="$PSRCDIR/sources_1/imports/sources_1/imports/new/IFID.v">
      <FileInfo>
        <Attr Name="ImportPath" Val="$PPRDIR/../Lab4/Lab4.srcs/sources_1/imports/new/IFID.v"/>
        <Attr Name="ImportTime" Val="1555799438"/>
        <Attr Name="UsedIn" Val="synthesis"/>
        <Attr Name="UsedIn" Val="implementation"/>
        <Attr Name="UsedIn" Val="simulation"/>
      </FileInfo>
    </File>
    <File Path="$PSRCDIR/sources_1/imports/sources_1/new/MEM.v">
      <FileInfo>
        <Attr Name="ImportPath" Val="$PPRDIR/../Lab4/Lab4.srcs/sources_1/new/MEM.v"/>
        <Attr Name="ImportTime" Val="1555799407"/>
        <Attr Name="UsedIn" Val="synthesis"/>
        <Attr Name="UsedIn" Val="implementation"/>
        <Attr Name="UsedIn" Val="simulation"/>
      </FileInfo>
    </File>
    <File Path="$PSRCDIR/sources_1/imports/sources_1/new/MEMWB.v">
      <FileInfo>
        <Attr Name="ImportPath" Val="$PPRDIR/../Lab4/Lab4.srcs/sources_1/new/MEMWB.v"/>
        <Attr Name="ImportTime" Val="1555799401"/>
        <Attr Name="UsedIn" Val="synthesis"/>
        <Attr Name="UsedIn" Val="implementation"/>
        <Attr Name="UsedIn" Val="simulation"/>
      </FileInfo>
    </File>
    <File Path="$PSRCDIR/sources_1/imports/sources_1/imports/new/MUX.v">
      <FileInfo>
        <Attr Name="ImportPath" Val="$PPRDIR/../Lab4/Lab4.srcs/sources_1/imports/new/MUX.v"/>
        <Attr Name="ImportTime" Val="1555799436"/>
        <Attr Name="UsedIn" Val="synthesis"/>
        <Attr Name="UsedIn" Val="implementation"/>
        <Attr Name="UsedIn" Val="simulation"/>
      </FileInfo>
    </File>
    <File Path="$PSRCDIR/sources_1/imports/sources_1/imports/new/PC.v">
      <FileInfo>
        <Attr Name="ImportPath" Val="$PPRDIR/../Lab4/Lab4.srcs/sources_1/imports/new/PC.v"/>
        <Attr Name="ImportTime" Val="1555799220"/>
        <Attr Name="UsedIn" Val="synthesis"/>
        <Attr Name="UsedIn" Val="implementation"/>
        <Attr Name="UsedIn" Val="simulation"/>
      </FileInfo>
    </File>
    <File Path="$PSRCDIR/sources_1/imports/sources_1/imports/new/doIM.v">
      <FileInfo>
        <Attr Name="ImportPath" Val="$PPRDIR/../Lab4/Lab4.srcs/sources_1/imports/new/doIM.v"/>
        <Attr Name="ImportTime" Val="1555799253"/>
        <Attr Name="UsedIn" Val="synthesis"/>
        <Attr Name="UsedIn" Val="implementation"/>
        <Attr Name="UsedIn" Val="simulation"/>
      </FileInfo>
    </File>
    <File Path="$PSRCDIR/sources_1/imports/sources_1/imports/new/exp.v">
      <FileInfo>
        <Attr Name="ImportPath" Val="$PPRDIR/../Lab4/Lab4.srcs/sources_1/imports/new/exp.v"/>
        <Attr Name="ImportTime" Val="1555799432"/>
        <Attr Name="UsedIn" Val="synthesis"/>
        <Attr Name="UsedIn" Val="implementation"/>
        <Attr Name="UsedIn" Val="simulation"/>
      </FileInfo>
    </File>
    <File Path="$PSRCDIR/sources_1/imports/sources_1/new/mux2.v">
      <FileInfo>
        <Attr Name="ImportPath" Val="$PPRDIR/../Lab4/Lab4.srcs/sources_1/new/mux2.v"/>
        <Attr Name="ImportTime" Val="1555799425"/>
        <Attr Name="UsedIn" Val="synthesis"/>
        <Attr Name="UsedIn" Val="implementation"/>
        <Attr Name="UsedIn" Val="simulation"/>
      </FileInfo>
    </File>
    <File Path="$PSRCDIR/sources_1/new/mux3.v">
      <FileInfo>
        <Attr Name="UsedIn" Val="synthesis"/>
        <Attr Name="UsedIn" Val="implementation"/>
        <Attr Name="UsedIn" Val="simulation"/>
      </FileInfo>
    </File>
    <File Path="$PSRCDIR/sources_1/imports/sources_1/imports/new/regfile.v">
      <FileInfo>
        <Attr Name="ImportPath" Val="$PPRDIR/../Lab4/Lab4.srcs/sources_1/imports/new/regfile.v"/>
        <Attr Name="ImportTime" Val="1555799434"/>
        <Attr Name="UsedIn" Val="synthesis"/>
        <Attr Name="UsedIn" Val="implementation"/>
        <Attr Name="UsedIn" Val="simulation"/>
      </FileInfo>
    </File>
    <File Path="$PSRCDIR/sources_1/imports/sources_1/imports/new/main.v">
      <FileInfo>
        <Attr Name="ImportPath" Val="$PPRDIR/../Lab4/Lab4.srcs/sources_1/imports/new/main.v"/>
        <Attr Name="ImportTime" Val="1555801732"/>
        <Attr Name="UsedIn" Val="synthesis"/>
        <Attr Name="UsedIn" Val="implementation"/>
        <Attr Name="UsedIn" Val="simulation"/>
      </FileInfo>
    </File>
    <Config>
      <Option Name="DesignMode" Val="RTL"/>
      <Option Name="TopModule" Val="main"/>
      <Option Name="TopAutoSet" Val="TRUE"/>
    </Config>
  </FileSet>
  <FileSet Name="constrs_in" Type="Constrs" RelSrcDir="$PSRCDIR/constrs_1">
    <Filter Type="Constrs"/>
    <Config>
      <Option Name="ConstrsType" Val="XDC"/>
    </Config>
  </FileSet>
  <FileSet Name="utils" Type="Utils" RelSrcDir="$PSRCDIR/utils_1">
    <Filter Type="Utils"/>
    <Config>
      <Option Name="TopAutoSet" Val="TRUE"/>
    </Config>
  </FileSet>
  <Strategy Version="1" Minor="2">
    <StratHandle Name="Vivado Synthesis Defaults" Flow="Vivado Synthesis 2018"/>
    <Step Id="synth_design"/>
  </Strategy>
</GenRun>
